/favicon.ico,145
/favicon.png,96
/apple-touch-icon.png,60
/flux/components/flux/components/flux/components/flux/components/flux/components/flux/components/flux/components/flux/components/flux/components/flux/components/flux/components/flux/components/flux/components/flux/components/flux/components/flux/components/flux/components/flux/co...,54
/apple-touch-icon-precomposed.png,48
/wp-login.php,42
/.well-known/traffic-advice,40
/flux/robots.txt,34
/xmlrpc.php,34
/flux/components/flux/components/,24
