/blog/2022/11/flux-is-a-cncf-graduated-project/,15093
/,8558
/blog/2022/11/verify-the-integrity-of-the-helm-charts-stored-as-oci-artifacts-before-reconciling-them-with-flux/,7217
/blog/2022/02/security-the-value-of-sboms/,2743
/blog/2022/03/flux-puts-the-git-into-gitops/,2681
/blog/2022/02/security-more-confidence-through-fuzzing/,2651
/blog/2022/03/security-pod-security-standard-restricted/,2589
/blog/2022/05/flux-at-kubecon-eu-2022/,2550
/blog/2022/03/flagger-adds-gateway-api-support/,2495
/blog/2022/09/gitops-without-leaving-your-ide/,2441
